id,customerId,url,state,createdAt
3420b5c5-ce9a-4837-a494-61474f5e2d7a,8,/api/services/h,SUCCESS,20240823004504
c90ebabe-ebae-4363-aea0-5273473ff2fe,6,/api/services/h,FAIL,20240823004504
8cc083ed-63da-4128-8e26-7e7e7b72eca7,2,/api/services/w,SUCCESS,20240823004504
bb6dd344-5d59-4961-96f3-d78c8dac2406,12,/api/services/c,SUCCESS,20240823004504
a0316999-529d-49ad-8d6d-f97d29badb9e,14,/api/services/b,FAIL,20240823004504
bcd21652-e140-429e-bda2-61467222679c,17,/api/services/y,SUCCESS,20240823004504
6eca97eb-df5b-4205-9ecc-5c71b6c27696,19,/api/services/f,SUCCESS,20240823004504
589484c2-22d2-429f-85e2-43f4efd416bc,15,/api/services/c,SUCCESS,20240823004504
6251688e-faf8-4a77-b722-f5fd2e0ceb5d,15,/api/services/m,SUCCESS,20240823004504
fb94ea6f-3f5a-49a0-b5a2-d0a374b47faa,11,/api/services/z,SUCCESS,20240823004504
86c8a884-487d-4ce4-a969-4a3139e3c88f,7,/api/services/g,FAIL,20240823004504
f2b738b6-2f51-4e22-a330-dd656c5dff9a,9,/api/services/i,SUCCESS,20240823004504
2748d9e4-6add-4c39-bc21-b4cbbe8619cf,0,/api/services/x,SUCCESS,20240823004504
f1754171-4749-4dab-8052-253ab93e44da,1,/api/services/j,FAIL,20240823004504
69325c5b-75c1-46a5-9304-de934ef93551,13,/api/services/o,SUCCESS,20240823004504
61a267c7-3aa9-4321-bea5-1ed020a37503,4,/api/services/c,FAIL,20240823004504
4586864e-a397-46d4-b9af-7fba338636c8,13,/api/services/m,SUCCESS,20240823004504
d1a74511-6ced-4bcc-9088-5386b67d83e4,8,/api/services/f,SUCCESS,20240823004504
f23cbcf3-bee7-455a-88b0-ce3f61f85457,13,/api/services/h,FAIL,20240823004504
866332dc-a318-4c23-9cab-74dc9126b551,0,/api/services/f,FAIL,20240823004504
b4795506-9ce8-4c79-a521-cb6274f5598e,13,/api/services/p,SUCCESS,20240823004504
f31164a7-155c-4702-bc98-5d822f0b278e,12,/api/services/q,FAIL,20240823004504
a9470fee-cf21-4fa9-add7-e22d5bc9a601,19,/api/services/p,FAIL,20240823004504
c8ef373a-1dc5-4c70-94db-43fce36e5a12,9,/api/services/u,SUCCESS,20240823004504
2bb1eda9-6552-4ca5-b7e0-a9ac5ab0f9f4,5,/api/services/q,SUCCESS,20240823004504
c3f391d7-2293-4058-a4bd-3c7e715e04a1,6,/api/services/m,FAIL,20240823004504
8b0621a5-6751-4d3c-ab5d-10d28a4e30e9,15,/api/services/t,SUCCESS,20240823004504
c3aca2bd-2caa-4aae-9492-2310d7b0c46a,2,/api/services/z,SUCCESS,20240823004504
aa5b84b9-3ae1-4029-b362-38abc70037ec,3,/api/services/m,SUCCESS,20240823004504
bb05108c-d5ff-48bf-a23f-88158ac28876,14,/api/services/e,SUCCESS,20240823004504
7da715d3-cdbf-4109-9b7a-0e0f926966fb,9,/api/services/s,SUCCESS,20240823004504
05b7b608-a915-4d92-9248-cd2f96d9c6d6,12,/api/services/g,SUCCESS,20240823004504
538756eb-5161-47fb-b0f2-f341653c14b3,17,/api/services/b,FAIL,20240823004504
df66061a-d86e-4078-ad45-5f52ac64436e,12,/api/services/y,SUCCESS,20240823004504
bf4ca8c0-cd8a-4024-8180-079b462de193,8,/api/services/b,SUCCESS,20240823004504
95604668-38d8-456b-a099-74920b9aec41,6,/api/services/e,SUCCESS,20240823004504
06684e13-525b-4404-af86-7d5073e0a1f7,10,/api/services/a,SUCCESS,20240823004504
7952ac25-8679-457e-9055-0b723482adf7,13,/api/services/v,FAIL,20240823004504
32f67965-f144-487b-8dbb-0dcd5a02b0f7,5,/api/services/n,FAIL,20240823004504
32bce58e-5f35-4bbd-95b3-f12e47b689a1,19,/api/services/d,SUCCESS,20240823004504
1a8b6066-5c53-4302-9d03-f50e51900280,10,/api/services/d,SUCCESS,20240823004504
1852aa0c-c7c9-4605-bf38-ef4a61b31fda,15,/api/services/x,SUCCESS,20240823004504
23b850fa-e963-4a47-a676-fe353ca066fa,7,/api/services/a,FAIL,20240823004504
d399f005-c949-4d95-a6a9-56face68c101,16,/api/services/r,SUCCESS,20240823004504
80c93b87-d73c-4ef1-b534-614b8e418350,19,/api/services/c,SUCCESS,20240823004504
f0d7a659-1b38-4606-bd8c-a4894e6fb066,12,/api/services/y,SUCCESS,20240823004504
ac7d8969-c91b-48dc-904a-24376e7eca69,19,/api/services/x,SUCCESS,20240823004504
b47f8034-bc35-42c4-a6d4-d740cedca14a,2,/api/services/w,SUCCESS,20240823004504
8a16d628-84cf-4adf-85ae-5a9e2f62531c,0,/api/services/n,FAIL,20240823004504
f9e86f04-1d5c-48bd-b300-016fe63ebc25,10,/api/services/a,FAIL,20240823004504
db9ebcd7-d8a6-418f-8bee-eda1e4003d5b,8,/api/services/p,SUCCESS,20240823004504
ba134c21-4fce-4525-b8c1-d29a78518000,10,/api/services/d,SUCCESS,20240823004504
e69f932f-cb05-4696-8399-3910c9995800,8,/api/services/l,SUCCESS,20240823004504
33d2319e-59d0-49ba-bd04-3b07b57e0ff0,11,/api/services/d,SUCCESS,20240823004504
13e1901f-cf1b-4a7a-b503-504138b59e78,9,/api/services/u,SUCCESS,20240823004504
8d225a29-6517-4227-a5de-05c9ff806c49,2,/api/services/o,SUCCESS,20240823004504
e0d7b6d9-70eb-4bd1-9da9-bc2ee7ec3eaf,13,/api/services/r,FAIL,20240823004504
47b3d47a-2497-462e-96d4-f8365f4d1c5f,15,/api/services/j,FAIL,20240823004504
a1a21a18-3226-49d1-8576-79fb86cd2150,11,/api/services/e,SUCCESS,20240823004504
32729bd0-ee45-442a-9513-fecbd85fa409,19,/api/services/s,SUCCESS,20240823004504
a7c380b7-2e29-4773-adc3-e9af252864f6,1,/api/services/b,FAIL,20240823004504
d774b2d6-e9a2-4b6a-85d9-fe000e90f2bb,17,/api/services/r,SUCCESS,20240823004504
12ae032c-869c-4be7-899b-d9a82d5cc16a,9,/api/services/s,SUCCESS,20240823004504
aa7aae42-be8e-4f79-8190-4942149e67bb,5,/api/services/b,SUCCESS,20240823004504
938cc4dd-64a1-4e50-a91b-65a080bd154a,11,/api/services/o,FAIL,20240823004504
3dd1efd1-deab-47a9-b52b-5045a4a54dfc,18,/api/services/q,FAIL,20240823004504
582fe0a3-25fc-4011-ada1-c6b96c3761d9,4,/api/services/y,SUCCESS,20240823004504
491b349b-3f11-44c6-9a40-90c8956c9299,7,/api/services/g,SUCCESS,20240823004504
c1ba9436-4811-4276-a327-21f109015f7b,4,/api/services/j,SUCCESS,20240823004504
acf15517-b58c-4899-bea0-cc635c29f8ed,1,/api/services/w,SUCCESS,20240823004504
fa7c1a9e-7570-4dc1-bf01-0abac424612a,12,/api/services/m,SUCCESS,20240823004504
ffa3128c-5ec4-4860-bcd3-7646ef56dccf,14,/api/services/u,SUCCESS,20240823004504
bcfc687a-b535-48bd-ac80-e059033a12bb,16,/api/services/o,SUCCESS,20240823004504
046dd19b-956c-4927-b2ac-e3125afbd002,16,/api/services/f,SUCCESS,20240823004504
6155912f-67ad-4bec-9d55-30ee321d6bcb,15,/api/services/t,SUCCESS,20240823004504
552e457d-7b8a-4463-bd67-f31d54ccc9cb,19,/api/services/w,SUCCESS,20240823004504
49346703-8b35-4c4b-8e0d-e88b06b3be7e,17,/api/services/h,SUCCESS,20240823004504
4f3b2af4-9f95-4105-a641-13bef8c56917,7,/api/services/a,SUCCESS,20240823004504
1e8a55ce-6861-4c7a-b4d4-68d5c161844d,0,/api/services/d,SUCCESS,20240823004504
56d39b17-9e25-4e02-b425-48e49f9d1674,2,/api/services/l,SUCCESS,20240823004504
b79bc2af-a9e1-46ae-9d91-b22f54db49d3,8,/api/services/x,SUCCESS,20240823004504
ed3f9cbe-dc1f-44d3-81bd-f9b4b2c97fd3,17,/api/services/m,SUCCESS,20240823004504
8b25f1c2-d5b6-4c2c-a1b9-2bbed98fc19a,18,/api/services/h,SUCCESS,20240823004504
8e63cef3-d6c4-456b-9c68-fbc75234b507,19,/api/services/q,FAIL,20240823004504
b03ca1ae-9086-4123-a93e-bec7b08ef501,6,/api/services/q,SUCCESS,20240823004504
2a9f37c4-0971-44f1-9288-a39b90cb9500,9,/api/services/u,SUCCESS,20240823004504
12ab6f17-3d75-4360-a12b-584f5a2ee71c,15,/api/services/k,SUCCESS,20240823004504
66416ddf-f4fe-4637-83e3-a3b2fc24b838,2,/api/services/u,SUCCESS,20240823004504
60bb2667-fc38-419a-a3c8-afba04f1a492,18,/api/services/f,SUCCESS,20240823004504
f38ae95e-501f-41ef-b436-dd3f6c9390dc,5,/api/services/k,SUCCESS,20240823004504
e71e9d53-aa2e-455b-9d67-810fd016ef62,15,/api/services/v,SUCCESS,20240823004504
ce8fe089-c83c-4184-8ebd-072d6b2188a2,11,/api/services/k,SUCCESS,20240823004504
f84f079b-3987-40ce-bf18-8af00a0a2db9,3,/api/services/c,SUCCESS,20240823004504
130c24f5-ca65-461b-bdbc-8c6f14026b95,3,/api/services/y,SUCCESS,20240823004504
9051871c-bbfe-44b2-ab53-6572179cf152,4,/api/services/v,SUCCESS,20240823004504
075a480d-5297-4721-89b6-b9294d56b204,15,/api/services/x,SUCCESS,20240823004504
5118e0c0-823d-4dd9-82dc-b395cb4f6fb3,3,/api/services/o,SUCCESS,20240823004504
002851a4-90d8-478b-a569-db785f1bd227,2,/api/services/s,SUCCESS,20240823004504
569e0277-2f16-461a-9f01-3c24b4b696fc,11,/api/services/u,SUCCESS,20240823004504
1498b31c-3e75-4607-acb7-ec7847163d59,5,/api/services/g,SUCCESS,20240823004504
